No.	Certification#	Certification#	Entity	Owner	Finca	Beneficio	Department	Municipality	Canton	Operations	TotalArea	CultivationArea	Production(kg/green)	MaximumQty(kg)	Annual%Sold	Cycle%Sold	Latitude	Longitude	OriginalCertDate	Program	Status	YearOfCert	ExpirationDate			
1	SV10-SN-4092-CO 	SV10-SN-4092-CO	El Porvenir 	"C.A.L, S.A. de C.V."	1	0	La Libertad	San Juan Opico	El Refugio	1	91.7	82.95	38552	38552.15	0.67	0.53	13.89759	-89.4494	"Jan 05,11"	Rainforest Alliance CertifiedTM	Certificada	2010	10/31/13			
2	SFC-F-00336	SFC-F-00336	Los Cuatro	"A.GON. B., S. A. de C. V."	1	0	La Libertad	Santa Tecla	Victoria	1	10.5	9.45	13636	13636	0.38	0.38	13.7106	-89.2823	"Jan 15,13"	Rainforest Alliance CertifiedTM	Certificada	2012	01/15/13			
3	SFC-F-00337	SFC-F-00336	Tonina	"A.GON. B., S. A. de C. V."	1	0	La Libertad	Tepecoyo	San Antonio	1	43.88	40.6	54545	13636	0.38	0.38	13.71067	-89.47499	"Jan 15,13"	Rainforest Alliance CertifiedTM	Certificada	2012	02/08/13			
4	SFC-F-01180	#N/A	Las Lajas	"ACOPRA Las Lajas, de R.L."	1	0	Sonsonate	Izalco	Las Lajas	1	868.92	645.75	494213	#N/A	#N/A	#N/A			#N/A	Rainforest Alliance CertifiedTM	Certificada	2000	04/27/13			
5		SFC-G-00678	ACO-BOQUERON DE R.L.	ACO-BOQUERON DE R.L.	1	0								92181.87	0	0	13.73311	-89.26749	"Jan 31,11"							
6		SFC-F-01289	Santa Adelaida	ACOPASA DE R.L.	1	0								280772	0.45	0.45	13.65503	-89.3669	"Oct 20,12"							
7	SFC-F-00873	SFC-F-00873	El Porvenir	Adilia Encarnación Aguilar Murillo de P.	1	0	San Miguel 	Chinameca	San antonio	1	107.97	103.77	90909.09	90909	0.5	0.5	13.47037	-88.35079	"Oct 31,12"	Rainforest Alliance CertifiedTM	Certificada	2006	10/31/13			
8	SFC-C-01991	#N/A	Beneficio El Carmen	"Agrícola San Agustín, S. A. de C. V, "	0	1	 Ahuachapan	"Concepción de Ataco,"	"Concepción de Ataco,"	1	N/A	N/A	N/A	#N/A	#N/A	#N/A	0	0	#N/A	Rainforest Alliance CertifiedTM	CdC	2010	02/07/14			
9		#N/A	AGASACARE DE R.L.	AGASACARE DE R.L.	1	0								#N/A	#N/A	#N/A	14.2673	-89.15707	#N/A							
10	SFC-C-01909	SFC-F-03755	Beneficio Guadalupe	"Agro Industrias Homberger, S. A.de C. V. (AGRIN, S.A. de C.V.)"	0	1	San Miguel	Chinameca	Valle Nuevo	1	N/A	N/A	N/A	181818	0.41	0.41	0	0	"Dec 06,12"	Rainforest Alliance CertifiedTM	CdC	2006	04/30/16			
11	SFC-G-04796	SFC-F-03755	"Agro Industrias Homberger, S.A. de C.V."	"Agro Industrias Homberger, S. A.de C. V. (AGRIN, S.A. de C.V.)"	1	0	Usulutan 	Jucuapa	Jucuapa	9	384.3	335.15	369000	181818	0.41	0.41	13.49031	-88.42204	"Dec 06,12"	Rainforest Alliance CertifiedTM	Certificada	2012	05/15/13			
12	SFC-F-03755	SFC-F-00354	San José del Pinar	"AICOS, S.A. DE C.V."	1	0	Santa Ana	Santa Ana	El Pinalon	1	142.2	133	181818	76860	0	0	14.10282	-89.5657	"May 17,13"	Rainforest Alliance CertifiedTM	Certificada	2011	12/06/12			
13		#N/A	Finca San Miguel 1	Aida Maria Salazar Arevalo	1	0								#N/A	#N/A	#N/A	13.91101	-89.61882	#N/A							
14	SFC-F-01286	#N/A	San Miquel 2	Aida Maria Salazar  	1	0	Santa Ana	Santa Ana	Montañita	1	25.86	23.77	47091	#N/A	#N/A	#N/A	13.91101	-89.61882	#N/A	Rainforest Alliance CertifiedTM	Certificada	2004	02/15/13			
15	SFC-F-01175	#N/A	La Reforma	Ana Celia Craik	1	0	Santa Ana	Santa Ana	Ochupse Abajo	1	24.14	22.75	34091	#N/A	#N/A	#N/A	13.91659	-89.58367	#N/A	Rainforest Alliance CertifiedTM	Certificada	2008	03/08/13			
16	SFC-F-00353	#N/A	Alcázar	Ana María Margarita Hernández	1	0	Santa Ana	Chalchuapa	El Porvenir Jocotillo	1	20.65	20.3	28286.36	#N/A	#N/A	#N/A	13.92255	-89.61754	#N/A	Rainforest Alliance CertifiedTM	Certificada	2007	05/17/13			
17	SFC-F-00353	#N/A	San Martín/Iberia	Ana María Margarita Hernández 	1	0	Santa Ana	Candelaria de La Frontera	Valle Nuevo	1	25.58	25	92630	#N/A	#N/A	#N/A	13.92255	-89.61754	#N/A	Rainforest Alliance CertifiedTM	Certificada	2007	05/17/13			
18	SFC-F-00862	#N/A	El Carrizal	"ANAJA, S.A. de C.V.       "	1	0	Ahuachapan	Concepcion de Ataco	El Molino	1	38.5	35	76136	#N/A	#N/A	#N/A	13.88061	-89.85096	#N/A	Rainforest Alliance CertifiedTM	Certificada	2006	01/31/13			
19	SFC-F-02643	SFC-F-02643	Antioquita	Antioquita S.A. de C.V.	1	0	Santa Ana	Chalchuapa	Las Cruces	1	35.7	35.7	" 36, 598.60"	36598	0.45	0.45	13.90056	-89.65698	"Dec 09,12"	Rainforest Alliance CertifiedTM	Certificada	2010	10/31/13			
20	SFC-F-02646	SFC-F-02643	Monserrat	Antioquita S.A. de C.V.	1	0	La Libertad	Colon	Las Delicias 	1	47.7	38.85	11363	36598	0.45	0.45	13.74966	-89.3269	"Dec 09,12"	Rainforest Alliance CertifiedTM	Certificada	2010	10/31/13			
21		#N/A	Finca La Florida (Apostolo España y Cía.)	Apostolo España y Cía.	1	0								#N/A	#N/A	#N/A	13.94183	-89.52234	#N/A							
22	SFC-F-00711	SFC-F-00946	Atocha	"Armonia, S.A. de C.V."	1	0	Santa Ana	Santa Ana	Potrero Grande Abajo	1	29.4	28.7	45227	45227.27	0	0	13.94194	-89.58781	"Apr 16,13"	Rainforest Alliance CertifiedTM	Certificada	2008	04/16/13			
23	SFC-F-00947	SFC-F-00946	Belen	"Armonia, S.A. de C.V."	1	0	Santa Ana	Santa Ana	Ayuta	1	50.31	48.3	77273	45227.27	0	0	14.02235	-89.58845	"Apr 16,13"	Rainforest Alliance CertifiedTM	Certificada	2008	04/16/13			
24	SFC-F-01692	SFC-F-01692	El Molino	"AROD, S.A. de C.V."	1	0	Ahuachapan	Concepcion de Ataco	El Molino	1	214.9	210	295455	354545	0.47	0.47	13.86923	-89.83694	"Feb 02,13"	Rainforest Alliance CertifiedTM	Certificada	2010	02/02/13			
25	SFC-F-00717	SFC-F-00717	Asociación Cooperativa de Producción Agropecuaria ATAISI de R.L.	Asociación Cooperativa de Producción Agropecuaria ATAISI de R.L.	1	0	Sonsonate	Izalco	Las Marias	1	2199.57	1587.65	430734	492322	0.28	0.28	13.7876	-89.56073	"Mar 17,13"	Rainforest Alliance CertifiedTM	Certificada	2007	03/17/13			
26	SFC-C-02329	SFC-F-00717	Beneficio San Isidro	Asociación Cooperativa de Producción Agropecuaria ATAISI de R.L.	0	1	Sonsonate	Izalco	San Isidro	1	N/A	N/A	N/A	492322	0.28	0.28			"Mar 17,13"	Rainforest Alliance CertifiedTM	CdC	2009	03/03/16			
27	SFC-F-00718	SFC-F-00718	El Potosí	Asociación Cooperativa de Producción Agropecuaria El Potosi de R.L.	1	0	Santa Ana	Coatepeque	El Cerro	1	172.55	167.9	159090	159090	0.65	0.65	13.92768	-89.46362	"Oct 14,12"	Rainforest Alliance CertifiedTM	Certificada	2008	10/14/13			
28	SFC-C-01794	SFC-F-01180	Beneficio Las Lajas	Asociación Cooperativa de Producción Agropecuaria Las Lajas de R.L.	0	1	Santa Ana	Chalchuapa	El Porvenir 	1	N/A	N/A	N/A	458120	0	0	13.8169	-89.57916	"Apr 27,13"	Rainforest Alliance CertifiedTM	CdC	2007	04/26/16			
29	SFC-F-01271	SFC-F-01271	San Carlos II	Asociación Cooperativa de Producción Agropecuaria San Carlos No. Dos de R.L	1	0	Morazan	Osicala	La Montaña	1	694.4	593	545455	409090	0.51	0.51	13.77496	-89.19176	"Dec 31,12"	Rainforest Alliance CertifiedTM	Certificada	2006	12/31/13			
30	SFC-F-01289	#N/A	Santa Adelaida	Asociación Cooperativa de Producción Agropecuaria Santa Adelaida de R.L. (ACOPASA de R.L)	1	0	La Libertad	Comasagua	El Matazano	1	840	637	472020	#N/A	#N/A	#N/A			#N/A	Rainforest Alliance CertifiedTM	Certificada	2007	10/20/13			
31	SFC-F-01301	SFC-F-01301	Santa Rosa	Azacualpa S.A. de C.V.	1	0	Santa Ana	San Sebastian Salitrillo	Santa Rosa	1	67.55	66.14	53818	59181	0.5	0.5	13.96836	-89.62134	"Jan 31,13"	Rainforest Alliance CertifiedTM	Certificada	2007	01/31/13			
32	SFC-F-00975	#N/A	El Tapón	"Balzaretti Hermanos, S.A. de C.V. "	1	0	La Libertad	Comasagua	El Rosario	1	78.26	54.46	24022	#N/A	#N/A	#N/A	13.62256	-89.34418	#N/A	Rainforest Alliance CertifiedTM	Certificada	2006	10/31/13			
33	SFC-F-01028	#N/A	Miramar	"Balzaretti Kriete Inversiones, S.A. de C.V"	1	0	La Libertad	Comasagua	El Rosario	1	68.6	39.9	42560	#N/A	#N/A	#N/A	13.62066	-89.34159	#N/A	Rainforest Alliance CertifiedTM	Certificada	2006	10/31/13			
34	SFC-F-01280	#N/A	San Juan Bosco	Beatriz Eugenia Craik de López Lindo 	1	0	Santa Ana	Santa Ana	Ochupse Abajo	1	24.1	23.4	35600	#N/A	#N/A	#N/A	13.91325	-89.58293	#N/A	Rainforest Alliance CertifiedTM	Certificada	2008	02/14/13			
35	SFC-F-06112	#N/A	Belmont	"Belmont, S.A. de C.V."	1	0	La Libertad	Santa Tecla	Los Amates	1	101	98	44520	#N/A	#N/A	#N/A	13.67797	89.34824	#N/A	Rainforest Alliance CertifiedTM	Certificada	2012	12/07/13			
36		#N/A	Finca Casa de Zinc	Benjamín Valdez Iraheta	1	0								#N/A	#N/A	#N/A	13.83955	-89.87669	#N/A							
37	SFC-F-00995	SFC-F-00995	La Esperanza	"BERSE, S.A. DE C.V."	1	0	La Libertad	Jayaque	Juan Higinio	1	18.2	17.2	8210	18000	0.06	0.06	13.6638	-89.44177	"May 29,13"	Rainforest Alliance CertifiedTM	Certificada	2005	05/29/13			
38	SFC-C-02640	SFC-G-05973	Beneficio San Carlos	"Borgonovo Pohl, S.A. de C.V."	0	1	La Libertad	Talnique	San Carlos	1	N/A	N/A	N/A	577272	1	1	13.6724	-89.26172	"Nov 15,12"	Rainforest Alliance CertifiedTM	CdC	2006	03/31/13			
39	SFC-G-05973	SFC-G-05973	Grupo Borgonovo Pohl	"Borgonovo Pohl, S.A. de C.V."	1	0	La libertad	Antiguo Cuscatlan	Antiguo Cuscatlan	3	443.55	403.39	577272.72	577272	1	1	13.6724	-89.26172	"Nov 15,12"	Rainforest Alliance CertifiedTM	Certificada	2012	11/15/13			
40	SFC-G-03085	#N/A	"Buena Vista, S.A. de C.V."	"Buena Vista, S.A. de C.V."	1	0	Santa Ana	Chalchuapa	Las Cruces	5	361	344	360600	#N/A	#N/A	#N/A			#N/A	Rainforest Alliance CertifiedTM	Certificada	2011	05/04/13			
41	SFC-F-02645	SFC-F-02645	El Socorro	"C.I. Vilanova, S.A. de C.V."	1	0	San Salvador	Nejapa	Conacaste 	1	49	48.5	90909	90909	0	0	13.78612	-89.24858	"Dec 09,12"	Rainforest Alliance CertifiedTM	Certificada	2010	12/09/12			
42	SFC-F-04895	#N/A	La Trinidad	"CAE, S.A. de C.V."	1	0	La libertad	Jayaque	Las Flores	1	29	27	11364	#N/A	#N/A	#N/A	13.68768	-89.44037	#N/A	Rainforest Alliance CertifiedTM	Certificada	2012	05/24/13			
43	SFC-C-01705	SFC-F-00379	Beneficio Buena Vista	"Capitales Unidos , S.A. de C.V."	0	1	Sonsonate	Juayua	Valle Nuevo	1	N/A	N/A	N/A	96625	0	0	13.888	-89.4777	"Oct 03,13"	Rainforest Alliance CertifiedTM	CdC	2008	04/13/16			
44	SFC-F-00380	#N/A	Montemayor	"Capitales Unidos, S.A. de C.V."	1	0	Santa Ana	Coatepeque	El Zacatal	1	114.6	106.75	43878	#N/A	#N/A	#N/A	13.88809	-89.47764	#N/A	Rainforest Alliance CertifiedTM	Certificada	2007	05/10/13			
45	SFC-F-00379	#N/A	Lictoria	"Capitales Unidos, S.A. de C.V."	1	0	Sonsonate	Juayua y Salcoatitan	Cañales	1	139.06	135.56	96625	#N/A	#N/A	#N/A	13.888	-89.4777	#N/A	Rainforest Alliance CertifiedTM	Certificada	2007	05/10/13			
46	SFC-F-01690	SFC-F-01690	San Antonio Amatepec	Carlos Antonio Boza Dreyfus	1	0	San Salvador 	San Marcos	El Pepeto	1	82.81	72.8	70585	70585	0.68	0.63	13.66469	-89.15897	"Mar 01,11"	Rainforest Alliance CertifiedTM	Certificada	2010	10/31/13			
47	SFC-F-01169	SFC-F-01169	La Mecca	Carlos Vásquez Arevalo y María Elena Vásquez	1	0	Sonsonate	Juayua	Los Naranjos	1	34.46	32.24	29219	29219.2	0.53	0.53	13.88308	-89.67477	"Oct 31,12"	Rainforest Alliance CertifiedTM	Certificada	2010	10/31/13			
48	SFC-F-00777	SFC-F-00777	Casa de Zinc	"Casa de Zinc, S.A. de C.V."	1	0	Ahuachapan	Concepcion de Ataco	El Naranjito 	1	75.6	71.4	18182	26136	0	0	13.83955	-89.87669	"Jan 31,13"	Rainforest Alliance CertifiedTM	Certificada	2006	01/31/13			
49	SFC-F-01010	#N/A	Finca las Delicias 	"Casal, S.A. de C.V."	1	0	Ahuachapan	Atiquizaya	Tapacun	1	40.3	27.5	59090.91	#N/A	#N/A	#N/A	13.90761	-89.72572	#N/A	Rainforest Alliance CertifiedTM	Certificada	2004	03/31/13			
50	SFC-F-01273 	SFC-F-01273	San Eduardo	"CASTANEDA VIDES, S.A. DE C.V."	1	0	Santa Ana	Chalchuapa	Las Cruces	1	31.5	31.15	40657.73	40657	0	0	13.91696	-89.66192	"Nov 08,12"	Rainforest Alliance CertifiedTM	Certificada	2009	11/04/13			
51	SFC-C-01526	#N/A	Beneficio San Miguel	"COEX, S.A. de C.V."	0	1	Ahuachapan	Ahuachapan	Llano de La Laguna o El Espino 	1	N/A	N/A	N/A	#N/A	#N/A	#N/A			#N/A	Rainforest Alliance CertifiedTM	CdC	2007	01/18/12			
52	SFC-F-00390	SFC-F-00390	Finca San Luis 	"Coexca,  S.A. de C.V."	1	0	Santa Ana	Chalchuapa	El Duraznillo	1	7.5	7.2	13300	12256.81	1.47	1.47	13.91735	-89.72325	"Mar 31,11"	Rainforest Alliance CertifiedTM	Certificada	2004	03/31/13			
53	SFC-F-00391 	SFC-F-00390	Finca Santa Bárbara 	"Coexca,  S.A. de C.V."	1	0	Ahuachapan	Atiquizaya	Joya del Platanar	1	21.36	20.16	47670	12256.81	1.47	1.47	13.91242	-89.72556	"Mar 31,11"	Rainforest Alliance CertifiedTM	Certificada	2004	03/31/13			
54	SFC-C-02553	SFC-G-01223	Beneficio Bendix	"COFINANZAS, S.A. de C.V."	0	1	Ahuachapan	Ahuachapan	El Barro	1	N/A	N/A	N/A	480481	0	0	13.91789	-89.83823	"Sep 30,13"	Rainforest Alliance CertifiedTM	CdC	2006	01/31/12			
55	SFC-C-02552	SFC-G-01223	Beneficio Santa Teresa	"COFINANZAS, S.A. de C.V."	0	1	Ahuachapan	Ahuachapan	El Barro	1	N/A	N/A	N/A	480481	0	0			"Sep 30,13"	Rainforest Alliance CertifiedTM	CdC	2006	01/31/12			
56	SFC-G-01223	SFC-G-01223	Grupo Organic Batres Farm	"Cofinanzas, S.A. de C.V."	1	0	Ahuachapan	Ahuachapan	El Barro	12	332.8	331.1	496658.18	480481	0	0	13.91789	-89.83823	"Sep 30,13"	Rainforest Alliance CertifiedTM	Certificada	2008	09/30/13			
57	SFC-F-01036	#N/A	Finca Piedra Grande 	Comexca S.A. de C.V.	1	0	Ahuachapan	Atiquizaya	Joya del Platanar	1	39.7	37.8	61349	#N/A	#N/A	#N/A	13.93256	-89.72914	#N/A	Rainforest Alliance CertifiedTM	Certificada	2004	03/31/13			
58	SFC-C-01990	#N/A	Beneficio Piedra Grande	"COMEXCA, S.A. de C.V."	0	1	Ahuachapan	Atiquizaya	Joya del Platanar	1	N/A	N/A	N/A	#N/A	#N/A	#N/A			#N/A	Rainforest Alliance CertifiedTM	CdC	2006	03/15/16			
59	SFC-F-00861	SFC-F-00861	El Carmen	"Consultef, S.A. de C.V."	1	0	La Libertad	Jayaque	Las Flores	1	39.5	38.7	36363	36363	0.38	0.38	13.66785	-89.43357	"Oct 31,12"	Rainforest Alliance CertifiedTM	Certificada	2007	10/31/13			
60	SFC-G-00814	SFC-G-00814	Cooperativa Cuzcachapa de R.L.	Cooperativa Cuzcachapa de R.L.	1	0	Santa Ana	Chalchuapa	Galeano	112	2805.62	2560.42	786456	2178727	0.43	0.43	13.99255	-89.68591	"Jan 21,13"	Rainforest Alliance CertifiedTM	Certificada	2008	01/21/13			
61	SFC-C-02813	SFC-G-00814	Beneficio Cuzcachapa 	Cooperativa Cuzcachapa de R.L.	0	1	Santa Ana	Chalchuapa	Galeano	1	N/A	N/A	N/A	2178727	0.43	0.43			"Jan 21,13"	Rainforest Alliance CertifiedTM	CdC	2007	12/13/11			
62	SV06-SN-1255-CC	#N/A	Beneficio San José de La Majada	Cooperativa de Cafetaleros de San José de La Majada de R.L	0	1	Sonsonate	Juayua	San José La Majada	1	N/A	N/A	N/A	#N/A	#N/A	#N/A			#N/A	Rainforest Alliance CertifiedTM	CdC	2006	12/19/11			
63	SFC-F-04000	SFC-F-04000	Las Mercedes 	"Corporacion Puntarenas, S.A. de C.V."	1	0	San Salvador	Apopa	Las Delicias	1	76	68	60000	100000	0.57	0.57	13.75498	-89.84631	"Jan 31,13"	Rainforest Alliance CertifiedTM	Certificada	2012	01/31/13			
64		#N/A	Piemonte	"Creta, S.A. de C.V."	1	0								#N/A	#N/A	#N/A	13.71414	-89.31661	#N/A							
65	SFC-F-00409	SFC-F-00409	El Carmen	Cristiani Burkard S.A. de C.V	1	0	San Vicente	Tepetitan	Loma Alta	1	158.74	80.3	136364	136364	0.38	0.38	13.61285	-88.83758	"Feb 28,13"	Rainforest Alliance CertifiedTM	Certificada	2003	02/28/13			
66	SFC-F-00410	SFC-F-00409	Las Colinas	Cristiani Burkard S.A. de C.V	1	0	San Vicente	San Vicente	Los Laureles	1	140.87	50.97	67095	136364	0.38	0.38	13.60744	-88.81965	"Feb 28,13"	Rainforest Alliance CertifiedTM	Certificada	2005	02/28/13			
67	SFC-F-00412	SFC-F-00409	Santa Magdalena	Cristiani Burkard S.A. de C.V	1	0	San Vicente	Tepetitan	Loma Alta	1	47.91	35.62	64934	136364	0.38	0.38	13.60085	-88.86575	"Feb 28,13"	Rainforest Alliance CertifiedTM	Certificada	2005	02/28/13			
68	SFC-F-00411	SFC-F-00409	San Jacinto	Cristiani Burkard S.A. de C.V	1	0	San Vicente	Guadalupe	Joya de Munguia	1	78.53	74.33	63064	136364	0.38	0.38	13.61047	-88.88177	"Feb 28,13"	Rainforest Alliance CertifiedTM	Certificada	2007	07/22/13			
69		#N/A	Finca Santa Margarita	"Cristiani Burkard, S.A. de C.V."	1	0								#N/A	#N/A	#N/A	13.49304	-88.47029	#N/A							
70	SFC-F-01202	SFC-F-01202	Marías I	Debora Llach Cady	1	0	La Libertad	Colon	El Manguito	1	174.52	139.75	81900	81900	0	0	13.69921	-89.33414	"Jan 31,11"	Rainforest Alliance CertifiedTM	Certificada	2007	01/31/13			
71	SW-COC-005428	#N/A	"E.G.I. HOLDCO EL SALVADOR, S.A. DE C.V."	"E.G.I. HOLDCO EL SALVADOR, S.A. DE C.V."	1	0	 Cuscatlan	Suchitoto	San Lucas	1	N/A	N/A	N/A	#N/A	#N/A	#N/A			#N/A	SmartWood	CdC	2011	17 Apr 2016			
72	SFC-F-03899	SFC-F-03899	Montenegro	Eduardo Domingo Call Imberton	1	0	La Libertad	Talnique	Talnique	1	173.5	162.5	204545	168182	0	0	13.65940°	-89.4112	"Jan 15,13"	Rainforest Alliance CertifiedTM	Certificada	2012	01/15/14			
73	SFC-F-01208	#N/A	Montebello	Eduardo Schonenberg Hijo y Cia.	1	0	Usulutan 	Santiago de Maria	Las Flores	1	80.67	73.5	61704	#N/A	#N/A	#N/A	13.48849	-88.47046	#N/A	Rainforest Alliance CertifiedTM	Certificada	2011	03/29/13			
74	SFC-C-01954	#N/A	Beneficio El Borbollon	"El Borbollon, S.A. de C.V."	0	1	Santa Ana 	Chalchuapa	La Empalizada 	1	N/A	N/A	N/A	#N/A	#N/A	#N/A			#N/A	Rainforest Alliance CertifiedTM	CdC	2010	11/15/13			
75	SFC-F-00865	#N/A	El Cipres	"El Cipres, S.A. de C.V."	1	0	La libertad	Quezaltepeque	San Juan Los Planes	1	96.21	89.44	122433	#N/A	#N/A	#N/A	13.7592	-89.26018	#N/A	Rainforest Alliance CertifiedTM	Certificada	2009	10/31/13			
76	SFC-F-02581	SFC-F-02581	San Silvestre	"El Majo, S.A. de C.V."	1	0	Sonsonate	Izalco	Las Lajas	1	35	35	19634.09	19634	0.7	0.7	13.80629	-89.56747	"Nov 23,12"	Rainforest Alliance CertifiedTM	Certificada	2010	10/31/13			
77	SFC-F-01178	SFC-F-01178	Las Brisas 	"El Patio, S.A. de C.V."	1	0	La Libertad	Colon	Las Brisas	1	189.7	140	93019	93100	0	0	13.74508	-89.30998	"Jul 21,13"	Rainforest Alliance CertifiedTM	Certificada	2009	07/21/13			
78	SFC-C-03720	SFC-G-03756	Beneficio San Ramon	"EL SAITILLAL, S.A. DE C.V."	0	1	Ahuachapan	Ahuachapan	Ahuachapan	1	N/A	N/A	N/A	310302	1	1	13.85962	-89.80189	"Dec 06,12"	Rainforest Alliance CertifiedTM	CdC	2011	11/29/12			
79	SFC-F-03756	SFC-G-03756	"GRUPO EL SAITILLAL, S.A. DE C.V."	"EL SAITILLAL, S.A. DE C.V."	1	0	Ahuachapan	Apaneca	Apaneca	9	642.2	613.4	549457	310302	1	1	13.85962	-89.80189	"Dec 06,12"	Rainforest Alliance CertifiedTM	Certificada	2011	12/06/12			
80	SFC-F-01299	#N/A	Santa Rita Los Trozos	"Empresas Tipos, S.A. de C.V."	1	0	La Libertad	Teotepeque	El Matazano	1	107	95	115737	#N/A	#N/A	#N/A			#N/A	Rainforest Alliance CertifiedTM	Certificada	2006	04/30/13			
81	SFC-F-01002	#N/A	La Llorona	"Estudios e Inversiones, S.A. de C.V. "	1	0	La Libertad	Comasagua	El Rosario	1	82.25	78.05	67227	#N/A	#N/A	#N/A	13.62066	-89.34159	#N/A	Rainforest Alliance CertifiedTM	Certificada	2006	07/31/13			
82	SFC-C-01492	#N/A	Beneficio Tres Rios	"Exportadora El Volcán, S.A. de C.V."	0	1	Sonsonate	Nahuizalco 	Sisimitepet	1	N/A	N/A	N/A	#N/A	#N/A	#N/A			#N/A	Rainforest Alliance CertifiedTM	CdC	2006	01/31/13			
83	SFC-C-01490	#N/A	Beneficio San Andres	"Exportadora El Volcán, S.A. de C.V. "	0	1	La Libertad	Ciudad Arce	San Andres	1	N/A	N/A	N/A	#N/A	#N/A	#N/A			#N/A	Rainforest Alliance CertifiedTM	CdC	2009	03/24/13			
84	SFC-C-04250	#N/A	Beneficio Vivagua	"Exportadora Pacas Martinez, S.A. de C.V."	0	1	La Libertad	San Juan Opico	San Juan Opico	1	N/A	N/A	N/A	#N/A	#N/A	#N/A			#N/A	Rainforest Alliance CertifiedTM	CdC	2012	03/13/13			
85	SFC-F-04152	SFC-F-04152	El Retiro	FA Pacas y Cia	1	0	Santa Ana	Chalchuapa	Buenos Aires	1	19	19	38636	34334	0	0	13.89947	-89.64695	"Feb 27,13"	Rainforest Alliance CertifiedTM	Certificada	2012	02/28/13			
86	SFC-F-04153	SFC-F-04152	San Joaquin	FA Pacas y Cia	1	0	Santa Ana	Chalchuapa	Buenos Aires	1	41	31	38636	34334	0	0	13.88989	-89.6472	"Feb 27,13"	Rainforest Alliance CertifiedTM	Certificada	2012	02/28/13			
87	SFC-F-00790	SFC-F-00790	Claro de Luna	"FDC Inversiones, S.A. de C.V "	1	0	San Salvador	San Martin	Balle de las Delicias	1	39.9	31.2	40909	40909	0.5	0.42	13.74132	-89.0748	"Dec 31,10"	Rainforest Alliance CertifiedTM	Certificada	2006	12/31/13			
88	SFC-G-05205	#N/A	Grupo Café Tuxpal	Federico Pacas 	1	0	La Libertad	San Juan Opico	Las Delicias	8	252	225	250000	#N/A	#N/A	#N/A	13.76195	-89.38559	#N/A	Rainforest Alliance CertifiedTM	Certificada	2012	07/12/13			
89	SFC-G-04155	#N/A	Wild Forest Coffee	"Francisco, S.A. de C.V. "	1	0	La Libertad	El Matazano	Las Granadillas	8	699.1	595.57	611400	#N/A	#N/A	#N/A	13.710486º	-89.247275	#N/A	Rainforest Alliance CertifiedTM	Certificada	2012	02/27/13			
90	SFC-F-07252	#N/A	El Carmen 	"GANEMA, S.A. de C.V."	1	0	Ahuachapan	Concepcion de Ataco	Concepcion de Ataco	1	78	76	23000	#N/A	#N/A	#N/A			#N/A	Rainforest Alliance CertifiedTM	Certificada	2013	06/20/16			
91	SFC-F-07255	#N/A	San José Miramar	"GANEMA, S.A. de C.V."	1	0	Sonsonate	Santa Catarina Masahuat	Las Peñas	1	57.7	56	28090	#N/A	#N/A	#N/A			#N/A	Rainforest Alliance CertifiedTM	Certificada	2013	06/20/16			
92	SFC-F-2652	SFC-F-02652	San Francisco	"Geronimo, S.A. de C.V."	1	0	San Salvador	Nejapa	San Geronimo	1	64.74	64.74	50090	50090	1.14	1.14	13.75711	-89.25526	"Dec 09,12"	Rainforest Alliance CertifiedTM	Certificada	2010	12/09/12			
93		SFC-G-04460	Grupo Buena Vista S. A. de C. V.	Grupo Buena Vista S. A. de C. V.	1	0								420964	0	0	13.90484	-89.6506	"Apr 24,13"							
94	SFC-F-01294	SFC-F-01294	Santa Emilia y Montebello	"HERSA, S.A de C.V."	1	0	Usulutan 	Santiago de Maria	Loma de Los Gonzalez 	1	36.11	34.3	54545	54545	0.25	0.25	13.48521	-88.43514	"Oct 13,12"	Rainforest Alliance CertifiedTM	Certificada	2006	10/13/13			
95	SFC-F-01283	SFC-F-01283	San Luis	Inversiones Cafeteras S.A. de C.V.	1	0	La Libertad	Jayaque	Juan Higinio/La Cumbre	1	65.1	56	68200	77272	0.27	0.27	13.90577	-89.62077	"Oct 14,12"	Rainforest Alliance CertifiedTM	Certificada	2007	10/14/13			
96	SFC-F-01170	SFC-F-01170	La Montaña	"Inversiones DORESTA, S.A. de C.V.      "	1	0	Ahuachapan	Ahuachapan	San Ramon 	1	18.22	16.8	17045	21818	0.95	0.95	13.8942	-89.84077	"Jan 31,13"	Rainforest Alliance CertifiedTM	Certificada	2006	01/31/13			
97	SFC-C-02183	SFC-F-02185	Beneficio Buena Vista	"Inversiones El Olvido, S.A. de C.V."	0	1	La Libertad	Santa Tecla	Buena Vista	1	N/A	N/A	N/A	30941	0	0	13.69095	-89.28294	"Jul 28,12"	Rainforest Alliance CertifiedTM	CdC	2010	07/28/12			
98		SFC-F-02185	Finca El Olvido	"Inversiones El Olvido, S.A. de C.V."	1	0								30941	0	0	13.74215	-89.26875	"Jul 28,12"							
99	SFC-F-01297	SFC-F-01297	Santa Julia	"Inversiones Mano, S.A de C.V"	1	0	San Salvador	San Marcos	Lamatepec	1	74.2	59.7	113636	113636	0	0	13.67211	-88.17317	"Dec 31,12"	Rainforest Alliance CertifiedTM	Certificada	2005	12/31/13			
100	SFC-F-01817	SFC-F-01817	Monte Carmelo	"Inversiones Polar, S.A. de C.V."	1	0	La Libertad	Santa Tecla	San Gerónimo Los Planes	1	22.75	22.4	16510	16509.96	1.17	0.82	13.75009	-89.26703	"Oct 31,11"	Rainforest Alliance CertifiedTM	Certificada	2010	10/31/13			
101	SFC-C-02769  	#N/A	Beneficio Las Tres Puertas	"J. Hill y Compañía, S.A. de C.V."	0	1	Santa Ana	Santa Ana	Zacarias	1	N/A	N/A	N/A	#N/A	#N/A	#N/A			#N/A	Rainforest Alliance CertifiedTM	CdC	2005	11/30/13			
102	SFC-F-02745	SFC-F-02745	Colombia	Jaime Alvarez y Cia	1	0	La Libertad	Quezaltepeque	Primavera	1	50.05	41.3	29545	29545	1.07	1.07	13.80739	-89.29768	"Jan 11,13"	Rainforest Alliance CertifiedTM	Certificada	2011	10/31/13			
103	SFC-F-01693	SFC-F-01693	Santa Rita	"JASAL, S.A. de C.V."	1	0	Sonsonate	Juayua 	Los Naranjos	1	113.74	110.52	81647	95454	0.77	0.77	13.87259	-89.67218	"Feb 02,13"	Rainforest Alliance CertifiedTM	Certificada	2010	02/02/13			
104	SFC-F-04001	SFC-F-04001	Santa Maria	"JF Aguilar y Cia, S.A. de C.V."	1	0	San Salvador	Apopa	Las Delicias	1	52	38	50000	54545	0.35	0.35	13.75165	-89.24216	"Jan 31,13"	Rainforest Alliance CertifiedTM	Certificada	2012	01/31/13			
105		#N/A	Finca El Águila	José Federico Apostolo	1	0								#N/A	#N/A	#N/A	13.94183	-89.52234	#N/A							
106	SFC-F-01288	SFC-F-00950	San Rafael	Josè Rafael Molina Portillo	1	0	Santa Ana	Santa Ana	Flor Amarilla Arriba	1	12.6	11.9	14773	7475	0	0			"Jan 17,13"	Rainforest Alliance CertifiedTM	Certificada	2009	01/17/14			
107	SFC-F-00950	SFC-F-00950	Bonanza	Josè Rafael Molina Portillo	1	0	Santa Ana	Santa Ana	Ochupse Arriba	1	10.88	10.31	7475	7475	0	0			"Jan 17,13"	Rainforest Alliance CertifiedTM	Certificada	2009	01/17/14			
108	SFC-G-05107	#N/A	Irish Coffee	José Roberto Santamaria	1	0	Sonsonate	Apaneca	Apaneca	4	384.3	314.3	244386.37	#N/A	#N/A	#N/A	13.67615	-89.23588	#N/A	Rainforest Alliance CertifiedTM	Certificada	2012	06/22/13			
109	SFC-F-06142	SFC-F-06114	El Recuerdo	Juan Carlos Gregg Meza	1	0	Ahuachapan	Apaneca	El Saitillal	1	7	7	1780.91	3326	0.7	0.7	13.88243	89.81608	"Dec 06,12"	Rainforest Alliance CertifiedTM	Certificada	2012	12/14/13			
110	SFC-F-06113	SFC-F-06114	Nejapa	Juan Carlos Gregg Meza	1	0	Ahuachapan	Apaneca	El Saitillal	1	9	9	32298	3326	0.7	0.7	13.87552	-89.79106	"Dec 06,12"	Rainforest Alliance CertifiedTM	Certificada	2012	12/07/13			
111	SFC-F-06114	SFC-F-06114	Shangrila	Juan Carlos Gregg Meza	1	0	Ahuachapan	Apaneca	El Saitillal	1	17	17	4359	3326	0.7	0.7	13.89663	89.77668	"Dec 06,12"	Rainforest Alliance CertifiedTM	Certificada	2012	12/07/13			
112	SFC-F-06115	SFC-F-06114	San José	Juan Carlos Gregg Meza	1	0	Ahuachapan	Apaneca	El Saitillal	1	12	11	24636	3326	0.7	0.7	13.88117	89.81033	"Dec 06,12"	Rainforest Alliance CertifiedTM	Certificada	2012	12/07/13			
113	SFC-F-03913	#N/A	Miravalles	"La Argentina, S.A. de C.V."	1	0	Ahuachapan	Atiquizaya	Tapacun	1	95.2	77	102272	#N/A	#N/A	#N/A	13.91342	-89.74612	#N/A	Rainforest Alliance CertifiedTM	Certificada	2012	01/15/14			
114	SFC-F-01295	SFC-F-01295	Santa Isabel	"La Gloria, S.A de C.V"	1	0	San Salvador	Nejapa	San Jeronimo Los Planes	1	90.88	81	85739	85739	0.02	0.02	13.75807	-89.25523	"May 29,13"	Rainforest Alliance CertifiedTM	Certificada	2005	05/29/13			
115	SFC-F-2648	SFC-F-02648	San Antonio	La Haciendita	1	0	San Salvador	Nejapa	Conacaste 	1	49	49	72727	72727	0.13	0.13	13.76832	-89.24989	"Dec 09,12"	Rainforest Alliance CertifiedTM	Certificada	2010	12/09/12			
116	SFC-F-01209	SFC-F-01209	Monterrey	LARCAFE S.A de C.V	1	0	Sonsonate	Juayua 	Los Cañales	1	71.76	59.49	59090	59090	1.58	1.58	13.8101	-89.8624	"Jan 21,13"	Rainforest Alliance CertifiedTM	Certificada	2005	01/21/14			
117		#N/A	Finca Las Minas	Las Minas S.A. de C.V.	1	0								#N/A	#N/A	#N/A	13.85482	-89.39445	#N/A							
118	SFC-F-00569	#N/A	Monte Sión 	"Lausanne, S.A. de C.V."	1	0	Ahuachapan	Atiquizaya	Tapacun	1	36	35.65	24744	#N/A	#N/A	#N/A	13.91508	-89.73758	#N/A	Rainforest Alliance CertifiedTM	Certificada	2010	06/23/13			
119	SFC-F-01040	SFC-F-01040	San José Bicard	Leopoldo Bicard	1	0	La Libertad	Talnique	Santa Lucia	1	150.09	70	48634.07	35909	0	0.45	13.67454	89.37493	"Oct 10,12"	Rainforest Alliance CertifiedTM	Certificada 	2003	09/30/13			
120		SFC-F-00710	Argelia	Lombardía S.A. de C.V.	1	0								150000	0	0	13.91493	-89.45022	"Nov 30,12"							
121	SFC-F-01021	SFC-F-01021	Los Pedregales	"Los Pedregales, S.A. de C.V. "	1	0	La Libertad	San Juan Opico	Minas de Plomo	1	84	78.92	40000	35739	0	0	13.85482	-89.39445	"Apr 30,13"	Rainforest Alliance CertifiedTM	Certificada	2006	04/30/13			
122	SFC-F-01270	SFC-F-01270	San Antonio	Luís Antonio Salazar Carcamo	1	0	Santa Ana	Santa Ana	Montañita	1	13.99	13.9	28409	28409	0	0	13.90507	-89.62347	"Feb 08,13"	Rainforest Alliance CertifiedTM	Certificada	2004	02/08/13			
123	SFC-F-01281	#N/A	San Luis	Luís Antonio Salazar Carcamo   	1	0	Santa Ana	Santa Ana	Montañita	1	13.99	13.9	25500	#N/A	#N/A	#N/A	13.90577	-89.62077	#N/A	Rainforest Alliance CertifiedTM	Certificada	2004	02/08/13			
124	SFC-F-01276	#N/A	San Jose	Luís Antonio Salazar Carcamo   	1	0	Santa Ana	Santa Ana	Montañita	1	11.89	11.8	19318.18	#N/A	#N/A	#N/A	13.90068	-89.61816	#N/A	Rainforest Alliance CertifiedTM	Certificada	2004	02/08/13			
125	SFC-F-01029	#N/A	La Montañita	Luis y Mauricio Martinez	1	0	Santa Ana	Santa Ana	Ayuta	1	8.4	8.05	13636	#N/A	#N/A	#N/A	14.02014	-89.58655	#N/A	Rainforest Alliance CertifiedTM	Certificada	2008	05/22/13			
126	SFC-F-00858	SFC-F-00858	El 98	Manuel Larin y Compañia  	1	0	Sonsonate	Juayua	La Union	1	62.37	53.53	54545	54545	3.38	3.38	13.85044	-89.72639	"Jan 22,13"	Rainforest Alliance CertifiedTM	Certificada	2005	01/21/14			
127	SFC-F-01035	SFC-F-01035	Panorama	Manuel Vicente Hernandez	1	0	Santa Ana	Chalchuapa	El Paste	1	80.5	74.2	67488	120221	0.26	0.26	14.0274	-89.6846	"May 31,13"	Rainforest Alliance CertifiedTM	Certificada	2004	05/31/13			
128	SFC-F-00945	#N/A	Asturias	"Manuel Vicente Hernández, Ana Margarita Hernández
Gutiérrez y Rafael Hernández Gutiérrez"	1	0	Santa Ana	El Congo	San José Las Flores	1	63.35	58.1	37225	#N/A	#N/A	#N/A	14.44849	-89.82648	#N/A	Rainforest Alliance CertifiedTM	Certificada	2008	03/06/13			
129	SFC-F-06219	SFC-F-06219	Finca Los Planes	"María Cecilia Ortiz Herrera de Rodríguez, María Elena Ortiz Herrera de Méndez y José Carlos Ortiz Herrera."	1	0	Sonsonate	Juayua	Juayua	1	57	56.5	6000	60000	0	0			"Jan 10,13"	Rainforest Alliance CertifiedTM	Certificada	2013	01/10/14			
130	SFC-F-00981	SFC-F-00981	Granada	Maria Luisa Martinez	1	0	Santa Ana	Santa Ana	Ayuta	1	41	38.85	65682	46139.55	0	0	14.01972	-89.58318	"Apr 07,13"	Rainforest Alliance CertifiedTM	Certificada	2008	06/14/13			
131	SFC-F-03456	#N/A	Cruz Gorda 2	Mauricio A. Salvaerria 	1	0	Sonsonate	Juayua	"San José La
Majada"	1	40.89	40.89	77272.72	#N/A	#N/A	#N/A			#N/A	Rainforest Alliance CertifiedTM	Certificada	2011	09/21/13			
132		SFC-F-07278	Santa Lucía	Mario Ernesto Tirelo Hill	1	0								67045.45	0	0	13.90188	-89.55687	"Sep 12,13"							
133	SFC-F-2651	SFC-F-02651	San Blas	"Monte San Blas, S.A. de C.V."	1	0	Santa Ana	Santa Ana	Lomas de San Marcelino	1	140	52.5	37477	37477	0.22	0.22	13.83657	-89.61295	"Dec 09,12"	Rainforest Alliance CertifiedTM	Certificada	2010	12/09/12			
134	SFC-F-00579	#N/A	La Esperanza	"MONTEBRO, S.A. de C.V."	1	0	Usulutan 	Teoapan	La Playa	1	47.62	46.56	60000	#N/A	#N/A	#N/A	13.46418	-88.47504	#N/A	Rainforest Alliance CertifiedTM	Certificada	2007	02/28/13			
135	SFC-F-00580	#N/A	Montebro	"MONTEBRO, S.A. de C.V."	1	0	Usulutan 	Teoapan	La Playa	1	47.75	45.86	39729.09	#N/A	#N/A	#N/A	13.46594	-88.48684	#N/A	Rainforest Alliance CertifiedTM	Certificada	2007	02/28/13			
136	SFC-F-01277	SFC-F-01277	San José El Porvenir/El Pino	"Monterrosal, S.A. de C.V."	1	0	La Libertad	Santa Tecla	Los Amates	1	123.8	121	72011	72011	0.72	0.72	13.67173	-89.33663	"Dec 31,12"	Rainforest Alliance CertifiedTM	Certificada	2006	12/31/13			
137	SFC-F-02744	SFC-F-02744	Bella Vista	"Moore y Cia, S.A. de C.V."	1	0	San Salvador	Apopa	Guadalupe	1	147	136.5	181818.18	181818	0.74	0.74	13.7622	-89.235	"Jan 11,13"	Rainforest Alliance CertifiedTM	Certificada	2011	10/31/13			
138	SFC-F-01057	SFC-F-01057	Sierra Nevada	"NEUMEZ, S.A. DE C.V."	1	0	Sonsonate	Juayua	Los Naranjos	1	67.92	56.07	117397	50818	1.8	1.8	13.89018	-89.67769	"May 31,13"	Rainforest Alliance CertifiedTM	Certificada	2005	05/31/13			
139	SFC-F-05278	SFC-F-01218	Normandía	"Normandía, S.A. de C.V."	1	0	La Libertad	San Juan Opico	Minas de Plomo	1	87.26	44.3	15787	17989	0	0	13.86789	-89.39659	"Apr 30,13"	Rainforest Alliance CertifiedTM	Certificada	2006	04/30/13			
140	SFC-F-01702	SFC-F-01182	La Avila	"Ortiz Barriere, S.A. de C.V."	1	0	Usulutan 	Santiago de Maria	El Tigre	1	22.4	21.4	21353	90909	0.4	0.4	13.46858	-89.43317	"Dec 31,12"	Rainforest Alliance CertifiedTM	Certificada	2010	02/02/14			
141	SFC-F-01701	SFC-F-01182	La Primavera	"Ortiz Barriere, S.A. de C.V."	1	0	Usulutan 	Santiago de Maria	El Tigre	1	36.4	34.3	39545.45	90909	0.4	0.4	13.48176	-88.43722	"Dec 31,12"	Rainforest Alliance CertifiedTM	Certificada	2010	02/02/14			
142	SFC-F-01182	SFC-F-01182	Las Mercedes 	"Ortiz Barriere, S.A. de C.V."	1	0	Usulutan 	Santiago de Maria	El Tigre	1	113	104	87045	90909	0.4	0.4	13.47183	-88.47772	"Dec 31,12"	Rainforest Alliance CertifiedTM	Certificada	2006	12/31/13			
143	SFC-F-04165	SFC-F-04165	Santa Juana	"PACVIl, S.A. de C.V."	1	0	Santa Ana	Chalchuapa	Buenos Aires	1	10	10	23652	19415	0	0	13.89806	-89.64663	"Feb 27,13"	Rainforest Alliance CertifiedTM	Certificada	2012	02/27/13			
144	SFC-F-01159	SFC-F-01159	La Gloria	"PALMEROLAS, S.A. de C.V.       "	1	0	Ahuachapan	Concepcion de Ataco	Shucutitan 	1	105.31	84	63636	55890	0.25	0.25	13.83204	-89.83397	"Jan 31,13"	Rainforest Alliance CertifiedTM	Certificada	2006	01/31/13			
145	SFC-F-03439	SFC-F-03439	Villa Ciprés	"Pretoria, S.A. de C.V."	1	0	Ahuachapan	Apaneca	San Ramoncito	1	10.71	10.71	22727.27	22727	0	0	13.86505	-89.82428	"Aug 18,13"	Rainforest Alliance CertifiedTM	Certificada	2011	08/18/13			
146		#N/A	Finca Cruz Gorda 2	"Pretoria, S. A. de C. V."	1	0								#N/A	#N/A	#N/A	13.87072	-89.70217	#N/A							
147	SFC-C-02526	SFC-G-02566	Beneficio San Luis Atiquizaya	"PRIETO, S.A. DE C.V."	0	1	Ahuachapan	Atiquizaya	Atiuizaya	1	N/A	N/A	N/A	761526	0.63	0.63	13.70273	-89.23447	"Nov 16,12"	Rainforest Alliance CertifiedTM	CdC	2010	11/02/11			
148	SFC-C-02527	SFC-G-02566	Beneficio San Luis Moncagua	"PRIETO, S.A. DE C.V."	0	1	San Miguel 	Moncagua	Moncagua	1	N/A	N/A	N/A	761526	0.63	0.63			"Nov 16,12"	Rainforest Alliance CertifiedTM	CdC	2010	11/02/11			
149	SFC-G-02566	SFC-G-02566	GRUPO PRIETO	"PRIETO, S.A. DE C.V."	1	0	Santa Ana	Chlchuapa	Los Naranjos	11	1233	1050	761256	761526	0.63	0.63	13.70273	-89.23447	"Nov 16,12"	Rainforest Alliance CertifiedTM	Certificada	2010	11/16/13			
150	SFC-F-01275	SFC-F-01275	San Francisco	"Promotora Sabor, S.A. de C.V     "	1	0	Sonsonate	Juayua	Buenos Aires	1	238	191.8	209091	250000	0.44	0.44	13.88431	-89.72385	"Jan 31,13"	Rainforest Alliance CertifiedTM	Certificada	2006	01/31/13			
151		SFC-F-00353	Alcázar	Rafael Antonio Hernández Gutiérrez	1	0								26996	0	0	13.92415	-89.66531	"May 17,13"							
152	SFC-F-00998	SFC-F-00998	La Florida	Rafael Arturo Meza	1	0	Sonsonate	Juayua	Los Naranjos	1	34.3	26.1	65156	21608	1.86	1.86	13.88816	-89.67769	"May 31,13"	Rainforest Alliance CertifiedTM	Certificada	2005	05/31/13			
153	SFC-F-2647	SFC-F-02647	Renacimiento	"Renacimiento, S.A. de C.V."	1	0	San Salvador	Nejapa	San Geronimo	1	79.23	75.6	40909	40909	0.64	0.64	13.75711	-89.25526	"Oct 31,12"	Rainforest Alliance CertifiedTM	Certificada	2010	12/09/13			
154	SFC-F-01050	SFC-F-01050	Santa Isabel	Roberto Samuel Ulloa Villanova	1	0	Santa Ana	Santa Ana	Flor Amarilla Arriba	1	31.5	30.8	52273	52273	0.53	0.53	13.91586	-89.5702	"Oct 14,12"	Rainforest Alliance CertifiedTM	Certificada	2007	10/14/13			
155	SV06-SN-1238-CO	SFC-F-01018	Finca Los Cedros	Rosa María Larín de Liebes	1	0	La libertad	Colon	El Manguito	1	186.06	155	101318	81818	0.44	0.44	13.6837	-89.32433	"Jan 26,13"	Rainforest Alliance CertifiedTM	Certificada	2006	01/26/13			
156	SFC-F-00711	SFC-F-00711	Argentina	Salvador Gerardo Cornejo	1	0	Ahuachapan	Concepcion de Ataco	Los Tablones	1	118.65	115.5	93182	86563	0.66	0.66	13.5121	-89.51124	"Feb 16,13"	Rainforest Alliance CertifiedTM	Certificada	2009	02/17/13			
157	SFC-F-00742    	SFC-F-00742	Bosque Lya	SAN EDUARDO S.A.	1	0	Santa Ana	Chalchuapa	Las Cruces	1	131.5	77	54545.45	54545	0.85	0.85	13.8931	-89.66251	"Nov 08,12"	Rainforest Alliance CertifiedTM	Certificada	2009	11/08/13			
158	SFC-F-01290	SFC-F-01290	Santa Cecilia	"Santa Cecilia, S.A. de C.V."	1	0	La Libertad	Comasagua	El Conacaste	1	52.7	44	37032	37032	0	0.41	13.62625	-89.36673	"Oct 31,12"	Rainforest Alliance CertifiedTM	Certificada	2006	10/31/13			
159	SFC-F-01038	#N/A	San Antonio	"Saros Inversiones, S.A. de C.V. "	1	0	La Libertad	Comasagua	El Rosario	1	88.67	38.5	40909.09	#N/A	#N/A	#N/A	13.62066	-89.34159	#N/A	Rainforest Alliance CertifiedTM	Certificada	2006	07/31/13			
160	SFC-G-04187	SFC-G-02779	Fincas del Cacahuatique	"Sociedad Cooperativa de Cafetaleros de Ciudad Barrios de
R.L."	1	0	San Miguel	Ciudad Barrios	Ciudad Barrios	210	1132.85	971.61	1024510.36	592247	0.82	0.82	13.765874	-88.271758	"Mar 06,13"	Rainforest Alliance CertifiedTM	Certificada	2011	03/06/13			
161	 SFC-F-00649	#N/A	La Vega	Sociedad Cooperativa de Cafetaleros de Ciudad Barrios de R.L.	1	0	San Miguel	Ciudad Barrios	Guanaste	1	47.65	43.27	64092	#N/A	#N/A	#N/A	13.77594	-88.28711	#N/A	Rainforest Alliance CertifiedTM	Certificada	2004	04/30/13			
162	SFC-F-00648	#N/A	La Montaña	Sociedad Cooperativa de Cafetaleros de Ciudad Barrios de R.L.	1	0	San Miguel	Ciudad Barrios	Saa Matias	1	56.7	28.33	68063	#N/A	#N/A	#N/A	13.73827	-88.24127	#N/A	Rainforest Alliance CertifiedTM	Certificada	2004	04/30/13			
163	SFC-F-00650	#N/A	Santa Ana	Sociedad Cooperativa de Cafetaleros de Ciudad Barrios de R.L.	1	0	San Miguel	Ciudad Barrios	Guanaste	1	171.7	155.2	24700	#N/A	#N/A	#N/A	13.74166	-88.24125	#N/A	Rainforest Alliance CertifiedTM	Certificada	2005	04/30/13			
164	SFC-G-01309	SFC-G-01309	Sociedad Cooperativa de Cafetaleros de San José de La Majada de R.L.	Sociedad Cooperativa de Cafetaleros de San José de La Majada de R.L.	1	0	Sonsonate	Juayua	San José La Majada	29	964	746	514144	514144	0.76	0.76			"Jan 17,13"	Rainforest Alliance CertifiedTM	Certificada	2005	01/17/14			
165	SV06-SN-1192-CC	#N/A	Beneficio Jose Rutilio Ortiz	Sociedad Cooperativa de Caficultores de Ciudad Barrios.	1	1	San Miguel	Ciudad Barrios	Valle Nuevo	1	N/A	N/A	N/A	#N/A	#N/A	#N/A			#N/A	Rainforest Alliance CertifiedTM	CdC	2006	12/13/11			
166	SFC-C-02641	#N/A	Beneficio Siglo XXI	"Sociedad Cooperativa de Caficultores Siglo XXI, de R.L. de C.V."	0	1	La Libertad	Ciudad Arce	La Reforma	1	N/A	N/A	N/A	#N/A	#N/A	#N/A			#N/A	Rainforest Alliance CertifiedTM	CdC	2007	01/22/12			
167		SFC-F-01286	Finca San Miguel II	Sonia Maria Salazar Arévalo	1	0								47090	0	0	13.91028	-89.61517	"May 01,13"							
168	SFC-F-01285	#N/A	San Miguel 1	Sonia Maria Salazar    	1	0	Santa Ana	Santa Ana	Montañita	1	22.03	19.03	39500	#N/A	#N/A	#N/A	13.91028	-89.61517	#N/A	Rainforest Alliance CertifiedTM	Certificada	2004	02/15/13			
169	SFC-F-01302	SFC-F-01302	Santa Teresita	Syncor S.A. de C.V	1	0	Santa Ana	Coatepeque	El Cerro	1	71.98	69.88	127273	127272.73	0	0	13.91291	-89.46321	"Dec 31,10"	Rainforest Alliance CertifiedTM	Certificada	2006	12/31/13			
170	SFC-F-05960	SFC-F-05960	San Jorge	"Tatascamite, S.A. de C.V."	1	0	Santa Ana	Chalchuapa	Las Cruces	1	108.12	108	128800	128800	0.25	0.25	13.91756		"Nov 08,12"	Rainforest Alliance CertifiedTM	Certificada	2012	11/08/13			
171	SFC-C-01699	#N/A	Beneficio Tuxpal	"Tejemet, S.A."	0	1	La Libertad	San Juan Opico	Las Delicias	1	N/A	N/A	N/A	#N/A	#N/A	#N/A			#N/A	Rainforest Alliance CertifiedTM	CdC	2009	02/16/13			
172	SFC-F-01525	SFC-F-01673	El Carmen	"Terrebella, Testanova y El Grano de Oro, S.A. de C.V."	1	0	La libertad	Quezaltepeque	Macance	1	98.09	96.25	135841	135841	0.37	0.37	13.77189	-89.27763	"Oct 31,12"	Rainforest Alliance CertifiedTM	Certificada	2010	10/31/13			
173		SFC-F-01299	Santa Rita Los Trozos	"Tipos, S.A. de C.V."	1	0								69978	0	0	13.64159	-89.48833	"Apr 30,13"							
174		#N/A	Finca Santa Gertrudis	"Tomasino, Arévalo Cortez, S. A. de C. V."	1	0								#N/A	#N/A	#N/A	13.62683	-89.37176	#N/A							
175	SFC-F-01291	SFC-F-01291	Santa Cristina	"Tonina, S.A. de C.V."	1	0	La Libertad	Santa Tecla	Victoria	1	45.43	41.97	50000	50000	0.08	0.08	13.69321	-89.3075	"Feb 28,13"	Rainforest Alliance CertifiedTM	Certificada	2004	02/28/13			
176	SFC-F-00859	SFC-F-00859	El Astillero	"Toscana, S.A de C.V"	1	0	La Libertad	Santa Tecla	Los Amates	1	150	98	68182	92403	0	0	13.68297	-89.3326	"Feb 20,13"	Rainforest Alliance CertifiedTM	Certificada	2005	02/20/13			
177	SFC-F-03900	SFC-F-03900	San Pedro	TRAPICHE S.A. de C.V.	1	0	Santa Ana	Santa Ana	Ochupse Arriba	1	27.3	26.6	23545.45	19540	0.71	0.71	13.7624	-89.88569	"Jan 15,13"	Rainforest Alliance CertifiedTM	Certificada	2012	01/15/13			
178	SFC-F-03940	#N/A	La Esperanza	"TRAPICHE, S.A. DE C.V."	1	0	La Libertad	San Juan Opico	Las Granadillas	1	130.2	105	181818.18	#N/A	#N/A	#N/A	13.74722	-89.09578	#N/A	Rainforest Alliance CertifiedTM	Certificada	2012	01/23/13			
179	SFC-F-06517	#N/A	Finca El Carmen 	"TRAPICHE, S.A. DE C.V."	1	0	Santa Ana	El Congo	El Guineo	1	28.17	28	19136.36	#N/A	#N/A	#N/A			#N/A	Rainforest Alliance CertifiedTM	Certificada	2013	03/07/13			
180	SFC-F-01301	SFC-F-01196	Manizales 	Tristar S.A. de C.V.	1	0	Santa Ana	Coatepeque	El Cerro	1	143.95	83.86	90909	90909.09	0.21	0.32	13.91291	-89.46321	"Dec 31,10"	Rainforest Alliance CertifiedTM	Certificada	2006	12/31/13			
181	SFC-G-05327	SFC-G-05327	Grupo Tropical	"Tropical Farm Management, S.A. de C.V."	1	0	San Salvador	San Salvador	San Salvador	9	337.06	332.64	188920.45	188921	0	0.73	13.842413	-89.846646	"Jul 27,12"	Rainforest Alliance CertifiedTM	Certificada	2012	07/26/13			
182	SFC-C-01630	#N/A	Beneficio Oromontique	"UNEX, S.A. de C.V."	0	1	Usulutan 	Santiago de Maria	Las Playas	1	N/A	N/A	N/A	#N/A	#N/A	#N/A			#N/A	Rainforest Alliance CertifiedTM	CdC	2007	02/05/16			
183	SFC-C-01853	#N/A	Beneficio Montealegre	"UNEX, S.A. de C.V."	0	1	Santa Ana	San Sebastian Salitrillo	Valle Nuevo	1	N/A	N/A	N/A	#N/A	#N/A	#N/A			#N/A	Rainforest Alliance CertifiedTM	CdC	2006	03/31/16			
184	SFC-F-06038	SFC-F-06038	Santa Matilde   	"Unidad Productiva AC, S.A. de C.V."	1	0	La libertad	San Juan Opico	El  Castillo	1	58	42	65954	65954	0.42	0.42	13.90635	-89.44376	"Nov 22,12"	Rainforest Alliance CertifiedTM	Certificada	2012	11/22/13			
185	SFC-C-02791	#N/A	Urrutia´s Estate Coffee S.A. de C.V	Urrutia´s Estate Coffee S.A. de C.V	1	0	Ahuachapan	Atiquizaya	Loma de Alarcon	1	N/A	N/A	N/A	#N/A	#N/A	#N/A	13.80432	-89.86271	#N/A	Rainforest Alliance CertifiedTM	CdC	2006	11/30/11			
186		SFC-F-00658	Bonanza	Urrutia's Estate Coffee S.A. de C.V.	1	0								23422	0.42	0.42	13.80432	-89.86271	"Nov 06,12"							
187		SFC-F-00658	Cielito Lindo	Urrutia's Estate Coffee S.A. de C.V.	1	0								23422	0.42	0.42	13.80432	-89.86271	"Nov 06,12"							
188		SFC-F-00658	Cobán	Urrutia's Estate Coffee S.A. de C.V.	1	0								23422	0.42	0.42	13.80432	-89.86271	"Nov 06,12"							
189		SFC-F-00658	El Desengaño	Urrutia's Estate Coffee S.A. de C.V.	1	0								23422	0.42	0.42	13.80432	-89.86271	"Nov 06,12"							
190		SFC-F-00658	El Esfuerzo	Urrutia's Estate Coffee S.A. de C.V.	1	0								23422	0.42	0.42	13.80432	-89.86271	"Nov 06,12"							
191		SFC-F-00658	La Amistad	Urrutia's Estate Coffee S.A. de C.V.	1	0								23422	0.42	0.42	13.80432	-89.86271	"Nov 06,12"							
192		SFC-F-00658	La Gloria	Urrutia's Estate Coffee S.A. de C.V.	1	0								23422	0.42	0.42	13.80432	-89.86271	"Nov 06,12"							
193		SFC-F-00658	Mazatlán	Urrutia's Estate Coffee S.A. de C.V.	1	0								23422	0.42	0.42	13.80432	-89.86271	"Nov 06,12"							
194		SFC-F-00658	Miramar	Urrutia's Estate Coffee S.A. de C.V.	1	0								23422	0.42	0.42	13.80432	-89.86271	"Nov 06,12"							
195		SFC-F-00658	Mis Economías	Urrutia's Estate Coffee S.A. de C.V.	1	0								23422	0.42	0.42	13.80432	-89.86271	"Nov 06,12"							
196		SFC-F-00658	Montebello	Urrutia's Estate Coffee S.A. de C.V.	1	0								23422	0.42	0.42	13.80432	-89.86271	"Nov 06,12"							
197		SFC-F-00658	Ojo de Agua	Urrutia's Estate Coffee S.A. de C.V.	1	0								23422	0.42	0.42	13.80432	-89.86271	"Nov 06,12"							
198		SFC-F-00658	Río Cauta	Urrutia's Estate Coffee S.A. de C.V.	1	0								23422	0.42	0.42	13.80432	-89.86271	"Nov 06,12"							
199		SFC-F-00658	Tikal	Urrutia's Estate Coffee S.A. de C.V.	1	0								23422	0.42	0.42	13.80432	-89.86271	"Nov 06,12"							
200		#N/A	Veracruz		1	0								#N/A	#N/A	#N/A	13.80432	-89.86271	#N/A							
201	SFC-F-01287	SFC-F-01287	San Pablo Buena Vista	Victor Edurado Mencia Alfaro	1	0	La Libertad	Jayaque	San Pablo	1	32	24.32	38700	38700	0.96	0.96	13.69323	-89.43015	"Nov 10,12"	Rainforest Alliance CertifiedTM	Certificada	2005	11/10/13			
202	SFC-F-04016	SFC-F-04016	San Pedro	Victor Edurado Mencia Alfaro y Roberto Samuel Ulloa	1	0	La Libertad	Santa Tecla	El Zacazil	1	70	47	36363	42018	0.36	0.36	13.65819	-89.32389	"Feb 22,13"	Rainforest Alliance CertifiedTM	Certificada	2012	02/22/13			
203	SFC-F-01051	SFC-F-01051	Santa María La Cumbre	"Vila, S.A. de C.V. "	1	0	La Libertad	Talnique	Las Quebradas	1	19.68	18.9	20058.64	20058	0	0	13.62066	-89.34159	"Jul 31,13"	Rainforest Alliance CertifiedTM	Certificada	2006	07/31/13			
204	SFC-C-00673	#N/A	La Ale	"Volcán Irazu, S.A de C.V."	1	0	Usulutan 	Santiago de Maria	El Tigre	1	31.79	24.5	35727	#N/A	#N/A	#N/A	13.46668	-88.45777	#N/A	Rainforest Alliance CertifiedTM	Certificada	2005	07/27/13			
205	SFC-C-00672	#N/A	Irazu	"Volcán Irazu, S.A de C.V."	1	0	Usulutan 	Alegria	El Tigre	1	8.4	7.7	13873.47	#N/A	#N/A	#N/A	13.46668	-88.45777	#N/A	Rainforest Alliance CertifiedTM	Certificada	2005	07/27/13			
206	SFC-C-00674	#N/A	Santa Teresa	"Volcán Irazu, S.A de C.V."	1	0	Usulutan 	Santiago de Maria	El Tigre	1	42	37	37512	#N/A	#N/A	#N/A	13.46668	-88.45777	#N/A	Rainforest Alliance CertifiedTM	Certificada	2005	07/27/13			
207	SFC-F-01192	SFC-F-01192	Majahual	"YAKIMA, S.A. de C.V.    "	1	0	Sonsonate	Juayua	Los Naranjos	1	169.73	99.3	117300	117300	0.55	0.55	13.89098	-89.68562	"May 31,13"	Rainforest Alliance CertifiedTM	Certificada	2005	05/31/13			
																#N/A										#N/A
																#N/A										#N/A
																#N/A										#N/A
																#N/A										#N/A
																#N/A										#N/A
																#N/A										#N/A
																#N/A										#N/A
																#N/A										#N/A
																#N/A										#N/A
																#N/A										#N/A
																#N/A										#N/A
																#N/A										#N/A
																#N/A										#N/A
																#N/A										#N/A
																#N/A										#N/A
																#N/A										#N/A
																#N/A										#N/A
																#N/A										
																#N/A										
																#N/A										
																#N/A										
																#N/A										
																#N/A										
																#N/A										
																#N/A										
